Time,Pressure_bar
0.000000,-85.235459
0.020000,-85.195261
0.040000,-85.208661
0.060000,-85.034472
0.080000,-85.436445
0.100000,-85.208661
0.120000,-85.235459
0.140000,-85.222060
0.160000,-85.181862
0.180000,-85.222060
0.200000,-85.047871
0.220000,-85.195261
0.240000,-85.195261
0.260000,-85.195261
0.280000,-85.208661
0.300000,-85.168463
0.320000,-85.208661
0.340000,-85.034472
0.360000,-85.436445
0.380000,-85.181862
0.400000,-85.181862
0.420000,-85.449845
0.440000,-85.181862
0.460000,-85.222060
0.480000,-85.047871
0.500000,-85.423046
0.521000,-85.208661
0.540000,-85.208661
0.560000,-85.208661
0.580000,-85.168463
0.600000,-85.208661
0.620000,-85.208661
0.640000,-85.449845
0.660000,-85.195261
0.680000,-85.195261
0.703000,-85.222060
0.721000,-85.208661
0.740000,-85.222060
0.760000,-85.021073
0.780000,-85.436445
0.800000,-85.248858
0.820000,-85.061270
0.840000,-85.208661
0.860000,-85.181862
0.880000,-85.248858
0.900000,-85.061270
0.920000,-85.181862
0.940000,-85.222060
0.960000,-85.195261
0.980000,-85.222060
1.000000,-85.181862
1.020000,-85.034472
1.040000,-85.168463
1.060000,-85.396248
1.080000,-85.195261
1.100000,-85.208661
1.120000,-85.449845
1.140000,-85.181862
1.160000,-85.208661
1.180000,-85.034472
1.200000,-85.423046
1.220000,-85.208661
1.240000,-85.195261
1.260000,-85.235459
1.280000,-85.168463
1.300000,-85.195261
1.320000,-85.222060
1.340000,-85.436445
1.360000,-85.208661
1.380000,-85.208661
1.400000,-85.222060
1.420000,-85.181862
1.440000,-85.222060
1.460000,-85.061270
1.480000,-85.409647
1.500000,-85.208661
1.520000,-85.034472
1.540000,-85.222060
1.560000,-85.195261
1.580000,-85.222060
1.600000,-85.074669
1.620000,-85.195261
1.640000,-85.208661
1.660000,-85.195261
1.680000,-85.235459
1.700000,-85.168463
1.720000,-85.195261
1.740000,-85.047871
1.760000,-85.423046
1.784000,-85.181862
1.801000,-85.195261
1.820000,-85.409647
1.840000,-85.195261
1.860000,-85.235459
1.880000,-85.047871
1.900000,-85.436445
1.920000,-85.235459
1.940000,-85.181862
1.960000,-85.235459
1.980000,-85.181862
2.000000,-85.195261
2.020000,-85.208661
2.040000,-85.449845
2.060000,-85.222060
2.080000,-85.181862
2.100000,-85.235459
2.120000,-85.208661
2.140000,-85.222060
2.160000,-85.021073
2.180000,-85.423046
2.200000,-85.195261
2.220000,-85.061270
2.240000,-85.208661
2.260000,-85.195261
2.280000,-85.208661
2.300000,-85.061270
2.320000,-85.168463
2.340000,-85.195261
2.360000,-85.181862
2.380000,-85.208661
2.400000,-85.155064
2.420000,-85.208661
2.440000,-85.034472
2.460000,-85.409647
2.480000,-85.208661
2.500000,-85.195261
2.520000,-85.449845
2.540000,-85.155064
2.560000,-85.222060
2.580000,-85.061270
2.600000,-85.423046
2.620000,-85.195261
2.640000,-85.222060
2.660000,-85.208661
2.680000,-85.181862
2.700000,-85.222060
2.720000,-85.222060
2.740000,-85.463244
2.760000,-85.208661
2.780000,-85.208661
2.800000,-85.222060
2.820000,-85.449845
2.840000,-85.208661
2.860000,-84.994275
2.884000,-85.436445
2.901000,-85.181862
2.920000,-85.034472
2.940000,-85.248858
2.960000,-85.168463
2.980000,-85.208661
3.000000,-85.021073
3.020000,-85.208661
3.040000,-85.047871
3.060000,-85.449845
3.080000,-85.195261
3.100000,-85.208661
3.120000,-85.436445
3.140000,-85.168463
3.160000,-85.222060
3.180000,-85.195261
3.200000,-85.409647
3.220000,-85.195261
3.240000,-85.181862
3.260000,-85.222060
3.280000,-85.423046
3.300000,-85.195261
3.320000,-85.047871
3.340000,-85.423046
3.360000,-85.195261
3.380000,-85.208661
3.400000,-85.235459
3.420000,-85.155064
3.440000,-85.235459
3.460000,-85.047871
3.480000,-85.436445
3.500000,-85.222060
3.520000,-85.208661
3.540000,-85.222060
3.560000,-85.195261
3.580000,-85.208661
3.600000,-85.074669
3.620000,-85.436445
3.640000,-85.208661
3.660000,-85.168463
3.680000,-85.047871
3.700000,-85.168463
3.720000,-85.235459
3.740000,-85.047871
3.760000,-85.423046
3.780000,-85.195261
3.800000,-85.181862
3.820000,-85.248858
3.840000,-85.181862
3.860000,-85.208661
3.880000,-85.195261
3.900000,-85.423046
3.920000,-85.195261
3.945000,-85.168463
3.962000,-85.208661
3.981000,-85.409647
4.000000,-85.235459
4.020000,-85.061270
4.040000,-85.463244
4.060000,-85.222060
4.080000,-85.208661
4.100000,-85.222060
4.120000,-85.181862
4.140000,-85.222060
4.160000,-85.074669
4.180000,-85.222060
4.200000,-85.208661
4.220000,-85.208661
4.240000,-85.222060
4.260000,-85.168463
4.280000,-85.208661
4.300000,-85.034472
4.320000,-85.168463
4.340000,-85.195261
4.360000,-85.208661
4.380000,-85.034472
4.400000,-85.155064
4.420000,-85.195261
4.440000,-85.047871
4.460000,-85.476643
4.480000,-85.168463
4.500000,-85.181862
4.520000,-85.222060
4.540000,-85.155064
4.560000,-85.222060
4.580000,-85.195261
4.600000,-85.423046
4.621000,-85.208661
4.641000,-85.208661
4.660000,-85.208661
4.680000,-85.449845
4.700000,-85.235459
4.720000,-85.034472
4.740000,-85.423046
4.760000,-85.195261
4.780000,-85.195261
4.800000,-85.208661
4.820000,-85.155064
4.840000,-85.195261
4.860000,-85.034472
4.880000,-85.235459
4.900000,-85.222060
4.920000,-85.208661
4.940000,-85.235459
4.960000,-85.181862
4.980000,-85.208661
5.000000,-85.208661
5.023000,-85.436445
5.042000,-85.195261
5.061000,-85.034472
5.080000,-85.208661
5.100000,-85.168463
5.120000,-85.181862
5.140000,-85.034472
5.160000,-85.208661
5.180000,-85.181862
5.200000,-85.061270
5.220000,-85.436445
5.240000,-85.195261
5.260000,-85.195261
5.280000,-85.074669
5.300000,-85.195261
5.320000,-85.208661
5.340000,-85.235459
5.360000,-85.423046
5.380000,-85.208661
5.400000,-85.208661
5.420000,-85.181862
5.440000,-85.449845
5.460000,-85.222060
5.480000,-85.195261
5.500000,-85.436445
5.520000,-85.195261
5.540000,-85.195261
5.560000,-85.208661
5.580000,-85.449845
5.600000,-85.222060
5.620000,-85.074669
5.640000,-85.208661
5.660000,-85.195261
5.680000,-85.235459
5.700000,-85.222060
5.720000,-85.195261
5.740000,-85.168463
5.760000,-85.034472
5.780000,-85.222060
5.800000,-85.181862
5.820000,-85.208661
5.840000,-85.074669
5.860000,-85.168463
5.880000,-85.208661
5.900000,-85.034472
5.920000,-85.449845
5.940000,-85.168463
5.960000,-85.181862
5.980000,-85.034472
6.001000,-85.155064
6.020000,-85.222060
6.040000,-85.208661
6.060000,-85.449845
6.095000,-85.168463
6.101000,-85.181862
6.125000,-85.235459
6.140000,-85.423046
6.160000,-85.208661
6.180000,-85.195261
6.200000,-85.436445
6.220000,-85.195261
6.240000,-85.195261
6.260000,-85.208661
6.280000,-85.436445
6.300000,-85.222060
6.320000,-85.047871
6.340000,-85.248858
6.360000,-85.181862
6.380000,-85.222060
6.400000,-85.235459
6.420000,-85.155064
6.440000,-85.208661
6.460000,-85.047871
6.481000,-85.222060
6.500000,-85.222060
6.520000,-85.235459
6.540000,-85.047871
6.560000,-85.181862
6.580000,-85.222060
6.600000,-85.047871
6.620000,-85.449845
6.640000,-85.195261
6.660000,-85.181862
6.681000,-85.021073
6.701000,-85.181862
6.720000,-85.208661
6.741000,-85.208661
6.761000,-85.436445
6.781000,-85.168463
6.800000,-85.195261
6.820000,-85.222060
6.841000,-85.423046
6.860000,-85.222060
6.880000,-85.181862
6.900000,-85.409647
6.921000,-85.195261
6.940000,-85.208661
6.960000,-85.302454
6.980000,-85.141665
7.001000,-85.195261
7.020000,-85.208661
7.040000,-85.449845
7.060000,-85.181862
7.080000,-85.195261
7.100000,-85.208661
7.120000,-85.208661
7.140000,-85.222060
7.160000,-85.208661
7.185000,-85.409647
7.200000,-85.168463
7.221000,-85.061270
7.240000,-85.222060
7.260000,-85.235459
7.280000,-85.208661
7.300000,-85.034472
7.320000,-85.168463
7.340000,-85.208661
7.360000,-85.047871
7.380000,-85.222060
7.400000,-85.208661
7.420000,-85.195261
7.440000,-85.061270
7.460000,-85.181862
7.480000,-85.208661
7.501000,-85.235459
7.520000,-85.436445
7.540000,-85.168463
7.560000,-85.168463
7.581000,-85.034472
7.600000,-85.436445
7.620000,-85.208661
7.640000,-85.181862
7.660000,-85.409647
7.680000,-85.195261
7.700000,-85.208661
7.720000,-85.222060
7.740000,-85.423046
7.760000,-85.208661
7.780000,-85.208661
7.800000,-85.222060
7.820000,-85.195261
7.841000,-85.195261
7.860000,-85.222060
7.880000,-85.436445
7.900000,-85.208661
7.921000,-85.034472
7.940000,-85.235459
7.960000,-85.208661
7.980000,-85.222060
8.000000,-85.061270
8.020000,-85.168463
8.040000,-85.195261
8.060000,-85.034472
8.081000,-85.222060
8.101000,-85.181862
8.120000,-85.208661
8.140000,-85.061270
8.160000,-85.195261
8.181000,-85.195261
8.200000,-85.208661
8.220000,-85.436445
8.240000,-85.168463
8.261000,-85.208661
8.282000,-85.034472
8.300000,-85.409647
8.320000,-85.208661
8.340000,-85.181862
8.360000,-85.436445
8.380000,-85.208661
8.400000,-85.208661
8.421000,-85.222060
8.441000,-85.436445
8.461000,-85.195261
8.481000,-85.208661
8.501000,-85.208661
8.521000,-85.168463
8.541000,-85.222060
8.561000,-85.222060
8.581000,-85.449845
8.601000,-85.208661
8.621000,-85.061270
8.641000,-85.208661
8.661000,-85.222060
8.681000,-85.222060
8.701000,-85.021073
8.721000,-85.168463
8.741000,-85.181862
8.761000,-85.034472
8.781000,-85.222060
8.801000,-85.168463
8.821000,-85.195261
8.841000,-85.061270
8.861000,-85.168463
8.881000,-85.181862
8.901000,-85.181862
8.921000,-85.436445
8.941000,-85.168463
8.961000,-85.195261
8.981000,-85.222060
9.001000,-85.168463
9.021000,-85.181862
9.041000,-85.047871
9.061000,-85.449845
9.081000,-85.222060
9.101000,-85.195261
9.121000,-85.436445
9.141000,-85.181862
9.161000,-85.195261
9.181000,-85.034472
9.201000,-85.423046
9.221000,-85.195261
9.241000,-85.208661
9.261000,-85.235459
9.281000,-85.195261
9.301000,-85.208661
9.323000,-85.235459
9.342000,-85.436445
9.361000,-85.181862
9.381000,-85.195261
9.401000,-85.208661
9.421000,-85.208661
9.441000,-85.195261
9.461000,-85.034472
9.481000,-85.423046
9.501000,-85.181862
9.521000,-85.061270
9.541000,-85.235459
9.561000,-85.181862
9.581000,-85.208661
9.601000,-85.007674
9.621000,-85.168463
9.641000,-85.222060
9.661000,-85.181862
9.681000,-85.222060
9.701000,-85.155064
9.721000,-85.168463
9.741000,-85.061270
9.761000,-85.436445
9.781000,-85.208661
9.801000,-85.181862
9.821000,-85.449845
9.841000,-85.168463
9.861000,-85.195261
9.881000,-85.021073
9.901000,-85.449845
9.921000,-85.208661
9.941000,-85.195261
9.961000,-85.222060
9.981000,-85.168463
10.001000,-85.235459
10.021000,-85.235459
10.041000,-85.449845
10.061000,-85.248858
10.081000,-85.168463
10.101000,-85.222060
10.121000,-85.195261
10.141000,-85.222060
10.161000,-85.047871
10.181000,-85.423046
10.201000,-85.222060
10.221000,-85.047871
10.241000,-85.235459
10.261000,-85.168463
10.281000,-85.181862
10.301000,-85.034472
10.321000,-85.168463
10.341000,-85.208661
10.361000,-85.181862
10.395000,-85.195261
10.401000,-85.155064
10.421000,-85.195261
10.441000,-85.047871
10.461000,-85.449845
10.481000,-85.222060
10.501000,-85.208661
10.521000,-85.423046
10.541000,-85.181862
10.561000,-85.208661
10.581000,-85.047871
10.601000,-85.436445
10.621000,-85.222060
10.641000,-85.195261
10.661000,-85.235459
10.681000,-85.208661
10.701000,-85.235459
10.721000,-85.222060
10.741000,-85.436445
10.761000,-85.208661
10.781000,-85.195261
10.801000,-85.208661
10.821000,-85.195261
10.842000,-85.222060
10.861000,-85.074669
10.881000,-85.423046
10.901000,-85.222060
10.921000,-85.195261
10.941000,-85.181862
10.961000,-85.463244
10.981000,-85.195261
11.001000,-85.155064
11.021000,-85.235459
11.041000,-85.436445
11.061000,-85.222060
11.081000,-85.195261
11.101000,-85.449845
11.121000,-85.208661
11.141000,-85.208661
11.161000,-85.222060
11.181000,-85.409647
11.201000,-85.222060
11.221000,-85.074669
11.241000,-85.195261
11.261000,-85.208661
11.281000,-85.235459
11.301000,-85.222060
11.321000,-85.449845
11.341000,-85.195261
11.361000,-85.034472
11.381000,-85.222060
11.401000,-85.141665
11.421000,-85.195261
11.441000,-85.021073
11.461000,-85.141665
11.481000,-85.195261
11.501000,-85.047871
11.530000,-85.449845
11.541000,-85.168463
11.561000,-85.195261
11.581000,-85.061270
11.601000,-85.155064
11.621000,-85.222060
11.641000,-85.047871
11.661000,-85.436445
11.681000,-85.195261
11.701000,-85.195261
11.721000,-85.235459
11.741000,-85.463244
11.761000,-85.235459
11.781000,-85.208661
11.801000,-85.436445
11.821000,-85.222060
11.841000,-85.208661
11.861000,-85.208661
11.881000,-85.436445
11.901000,-85.208661
11.921000,-85.047871
11.941000,-85.222060
11.961000,-85.208661
11.981000,-85.208661
12.001000,-85.222060
12.021000,-85.168463
12.041000,-85.195261
12.061000,-85.034472
12.081000,-85.208661
12.101000,-85.195261
12.122000,-85.181862
12.141000,-85.021073
12.161000,-85.181862
12.181000,-85.195261
12.201000,-85.034472
12.221000,-85.423046
12.241000,-85.181862
12.261000,-85.168463
12.281000,-85.047871
12.301000,-85.168463
12.321000,-85.208661
12.341000,-85.195261
12.361000,-85.409647
12.381000,-85.195261
12.401000,-85.222060
12.421000,-85.235459
12.441000,-85.463244
12.461000,-85.208661
12.481000,-85.208661
12.501000,-85.436445
12.521000,-85.222060
12.541000,-85.208661
12.561000,-85.208661
12.581000,-85.449845
12.601000,-85.222060
12.621000,-85.047871
12.646000,-85.235459
12.664000,-85.195261
12.681000,-85.235459
12.701000,-85.208661
12.721000,-85.168463
12.741000,-85.195261
12.761000,-85.074669
12.781000,-85.208661
12.801000,-85.195261
12.821000,-85.195261
12.841000,-85.034472
12.861000,-85.208661
12.881000,-85.195261
12.904000,-85.061270
12.921000,-85.181862
12.941000,-85.021073
12.961000,-85.423046
12.981000,-85.222060
13.001000,-85.208661
13.021000,-85.463244
13.041000,-85.181862
13.061000,-85.195261
13.081000,-85.047871
13.101000,-85.436445
13.121000,-85.235459
13.141000,-85.195261
13.161000,-85.208661
13.181000,-85.128266
13.201000,-85.208661
13.221000,-85.235459
13.241000,-85.449845
13.261000,-85.208661
13.281000,-85.222060
13.301000,-85.222060
13.321000,-85.195261
13.341000,-85.222060
13.361000,-85.034472
13.381000,-85.436445
13.401000,-85.208661
13.421000,-85.047871
13.441000,-85.222060
13.461000,-85.181862
13.481000,-85.235459
13.501000,-85.007674
13.521000,-85.168463
13.541000,-85.195261
13.561000,-85.222060
13.581000,-85.222060
13.601000,-85.168463
13.621000,-85.181862
13.641000,-85.007674
13.661000,-85.423046
13.681000,-85.208661
13.708000,-85.222060
13.721000,-85.436445
13.741000,-85.168463
13.761000,-85.222060
13.781000,-85.021073
13.801000,-85.423046
13.821000,-85.208661
13.841000,-85.222060
13.861000,-85.436445
13.881000,-85.155064
13.901000,-85.222060
13.921000,-85.248858
13.941000,-85.449845
13.961000,-85.181862
13.981000,-85.195261
14.001000,-85.222060
14.021000,-85.208661
14.041000,-85.195261
14.061000,-85.034472
14.081000,-85.436445
14.101000,-85.181862
14.121000,-85.061270
14.141000,-85.222060
14.161000,-85.181862
14.181000,-85.222060
14.201000,-85.047871
14.221000,-85.181862
14.241000,-85.195261
14.261000,-85.208661
14.281000,-85.222060
14.301000,-85.195261
14.321000,-85.195261
14.341000,-85.021073
14.361000,-85.436445
14.381000,-85.195261
14.401000,-85.222060
14.421000,-85.449845
14.441000,-85.195261
14.461000,-85.222060
14.481000,-85.047871
14.501000,-85.423046
14.521000,-85.208661
14.541000,-85.181862
14.561000,-85.222060
14.581000,-85.168463
14.601000,-85.208661
14.621000,-85.222060
14.641000,-85.463244
14.661000,-85.208661
14.681000,-85.208661
14.702000,-85.222060
14.721000,-85.195261
14.741000,-85.222060
14.761000,-85.047871
14.782000,-85.436445
14.805000,-85.195261
14.823000,-85.034472
14.841000,-85.222060
14.861000,-85.222060
14.881000,-85.222060
14.901000,-85.047871
14.921000,-85.181862
14.941000,-85.222060
14.961000,-85.168463
14.981000,-85.222060
15.001000,-85.168463
15.021000,-85.195261
15.041000,-85.074669
15.061000,-85.449845
15.081000,-85.235459
15.101000,-85.195261
15.121000,-85.423046
15.141000,-85.181862
15.161000,-85.222060
15.181000,-85.047871
15.201000,-85.396248
15.221000,-85.181862
15.241000,-85.208661
15.261000,-85.208661
15.281000,-85.181862
15.301000,-85.222060
15.321000,-85.248858
15.341000,-85.436445
15.361000,-85.208661
15.381000,-85.195261
15.401000,-85.208661
15.421000,-85.208661
15.441000,-85.222060
15.461000,-85.222060
15.481000,-85.396248
15.501000,-85.208661
15.521000,-85.061270
15.541000,-85.235459
15.561000,-85.181862
15.581000,-85.208661
15.601000,-85.047871
15.621000,-85.181862
15.641000,-85.195261
15.661000,-85.181862
15.681000,-85.222060
15.701000,-85.181862
15.721000,-85.208661
15.741000,-85.061270
15.761000,-85.449845
15.781000,-85.208661
15.801000,-85.195261
15.821000,-85.449845
15.841000,-85.181862
15.861000,-85.222060
15.881000,-85.034472
15.904000,-85.423046
15.921000,-85.235459
15.941000,-85.181862
15.961000,-85.195261
15.981000,-85.181862
16.001000,-85.222060
16.021000,-85.222060
16.041000,-85.449845
16.061000,-85.208661
16.081000,-85.181862
16.101000,-85.222060
16.121000,-85.208661
16.141000,-85.195261
16.161000,-85.034472
16.181000,-85.396248
16.201000,-85.208661
16.221000,-85.047871
16.241000,-85.235459
16.261000,-85.181862
16.281000,-85.222060
16.301000,-85.074669
16.321000,-85.168463
16.341000,-85.208661
16.361000,-85.208661
16.381000,-85.195261
16.401000,-85.181862
16.421000,-85.195261
16.441000,-85.061270
16.461000,-85.476643
16.481000,-85.208661
16.501000,-85.195261
16.521000,-85.436445
16.541000,-85.168463
16.561000,-85.181862
16.581000,-85.034472
16.601000,-85.449845
16.621000,-85.195261
16.641000,-85.181862
16.661000,-85.208661
16.681000,-85.195261
16.701000,-85.208661
16.721000,-85.222060
16.741000,-85.409647
16.761000,-85.222060
16.781000,-85.208661
16.801000,-85.195261
16.821000,-85.208661
16.841000,-85.195261
16.861000,-85.021073
16.881000,-85.222060
16.901000,-85.222060
16.922000,-85.034472
16.941000,-85.436445
16.961000,-85.181862
16.981000,-85.208661
17.001000,-85.208661
17.021000,-85.168463
17.042000,-85.195261
17.061000,-85.047871
17.081000,-85.195261
17.101000,-85.208661
17.121000,-85.168463
17.141000,-85.222060
17.161000,-85.181862
17.181000,-85.208661
17.201000,-85.047871
17.221000,-85.423046
17.241000,-85.195261
17.261000,-85.181862
17.281000,-85.034472
17.301000,-85.168463
17.321000,-85.195261
17.341000,-85.021073
17.361000,-85.423046
17.381000,-85.168463
17.401000,-85.195261
17.421000,-85.208661
17.441000,-85.168463
17.461000,-85.222060
17.481000,-85.021073
17.501000,-85.436445
17.521000,-85.155064
17.541000,-85.195261
17.561000,-85.222060
17.581000,-85.436445
17.601000,-85.222060
17.621000,-85.074669
17.641000,-85.436445
17.661000,-85.195261
17.681000,-85.208661
17.701000,-85.248858
17.721000,-85.181862
17.741000,-85.208661
17.761000,-85.061270
17.781000,-85.208661
17.801000,-85.181862
17.821000,-85.208661
17.841000,-85.235459
17.861000,-85.181862
17.881000,-85.222060
17.901000,-85.061270
17.921000,-85.423046
17.941000,-85.235459
17.961000,-85.181862
17.981000,-85.061270
18.002000,-85.168463
18.022000,-85.195261
18.041000,-85.047871
18.061000,-85.449845
18.081000,-85.208661
18.101000,-85.168463
18.121000,-85.235459
18.141000,-85.155064
18.161000,-85.208661
18.181000,-85.195261
18.201000,-85.436445
18.221000,-85.235459
18.241000,-85.195261
18.261000,-85.208661
18.281000,-85.423046
18.301000,-85.222060
18.321000,-85.047871
18.341000,-85.436445
18.361000,-85.208661
18.381000,-85.208661
18.401000,-85.222060
18.421000,-85.155064
18.441000,-85.195261
18.461000,-85.007674
18.481000,-85.208661
18.501000,-85.195261
18.521000,-85.195261
18.541000,-85.208661
18.561000,-85.195261
18.581000,-85.208661
18.601000,-85.061270
18.621000,-85.436445
18.641000,-85.195261
18.661000,-85.195261
18.681000,-85.034472
18.701000,-85.141665
18.721000,-85.222060
18.741000,-85.047871
18.761000,-85.449845
18.781000,-85.181862
18.801000,-85.195261
18.821000,-85.449845
18.841000,-85.155064
18.861000,-85.114867
18.881000,-85.034472
18.901000,-85.155064
18.921000,-85.222060
18.941000,-85.168463
18.961000,-85.436445
18.981000,-85.155064
19.001000,-85.195261
19.021000,-85.235459
19.041000,-85.423046
19.061000,-85.208661
19.094000,-85.195261
19.113000,-85.423046
19.130000,-85.181862
19.141000,-85.208661
19.161000,-85.208661
19.181000,-85.436445
19.201000,-85.181862
19.221000,-85.021073
19.241000,-85.423046
19.261000,-85.181862
19.281000,-85.222060
19.301000,-85.235459
19.321000,-85.181862
19.341000,-85.195261
19.361000,-85.061270
19.381000,-85.208661
19.401000,-85.208661
19.421000,-85.195261
19.441000,-85.047871
19.461000,-85.155064
19.481000,-85.222060
19.501000,-85.047871
19.521000,-85.436445
19.541000,-85.181862
19.561000,-85.222060
19.581000,-85.061270
19.601000,-85.181862
19.621000,-85.208661
19.641000,-85.208661
19.661000,-85.423046
19.681000,-85.181862
19.701000,-85.168463
19.721000,-85.235459
19.741000,-85.436445
19.761000,-85.235459
19.781000,-85.195261
19.801000,-85.436445
19.821000,-85.181862
19.841000,-85.208661
19.861000,-85.222060
19.881000,-85.436445
19.901000,-85.208661
19.921000,-85.168463
19.941000,-85.208661
19.961000,-85.195261
19.981000,-85.222060
20.001000,-85.222060
20.021000,-85.168463
20.041000,-85.208661
20.061000,-85.021073
20.081000,-85.222060
20.101000,-85.208661
20.121000,-85.181862
20.141000,-85.047871
20.161000,-85.168463
20.181000,-85.208661
20.201000,-85.061270
20.221000,-85.449845
20.246000,-85.181862
20.262000,-85.195261
20.283000,-85.047871
20.301000,-85.168463
20.321000,-85.208661
20.341000,-85.208661
20.361000,-85.396248
20.381000,-85.155064
20.401000,-85.181862
20.421000,-85.222060
20.441000,-85.449845
20.461000,-85.195261
20.481000,-85.208661
20.501000,-85.449845
20.521000,-85.195261
20.541000,-85.208661
20.561000,-85.235459
20.581000,-85.436445
20.601000,-85.195261
20.621000,-85.034472
20.641000,-85.195261
20.661000,-85.208661
20.681000,-85.222060
20.701000,-85.235459
20.721000,-85.181862
20.741000,-85.222060
20.761000,-85.047871
20.781000,-85.222060
20.801000,-85.195261
20.821000,-85.181862
20.841000,-85.021073
20.861000,-85.195261
20.881000,-85.208661
20.901000,-85.061270
20.921000,-85.168463
20.941000,-85.208661
20.961000,-85.047871
20.981000,-85.208661
21.001000,-85.155064
21.021000,-85.195261
21.041000,-85.047871
21.061000,-85.155064
21.081000,-85.181862
21.101000,-85.181862
21.121000,-85.423046
21.141000,-85.141665
21.161000,-85.195261
21.181000,-85.061270
21.201000,-85.463244
21.221000,-85.195261
21.241000,-85.222060
21.261000,-85.423046
21.281000,-85.155064
21.301000,-85.222060
21.321000,-85.195261
21.341000,-85.423046
21.364000,-85.208661
21.383000,-85.181862
21.401000,-85.222060
21.421000,-85.222060
21.441000,-85.222060
21.461000,-85.235459
21.481000,-85.436445
21.501000,-85.195261
21.521000,-85.061270
21.541000,-85.195261
21.561000,-85.195261
21.581000,-85.195261
21.601000,-85.034472
21.621000,-85.181862
21.641000,-85.222060
21.661000,-85.034472
21.681000,-85.222060
21.701000,-85.181862
21.721000,-85.195261
21.741000,-85.034472
21.761000,-85.181862
21.781000,-85.222060
21.801000,-85.181862
21.821000,-85.463244
21.841000,-85.181862
21.861000,-85.222060
21.881000,-85.047871
21.901000,-85.195261
21.921000,-85.235459
21.941000,-85.181862
21.961000,-85.449845
21.981000,-85.168463
22.001000,-85.195261
22.021000,-85.235459
22.041000,-85.409647
22.061000,-85.235459
22.081000,-85.181862
22.101000,-85.235459
22.121000,-85.222060
22.141000,-85.222060
22.161000,-85.195261
22.181000,-85.423046
22.201000,-85.195261
22.221000,-85.034472
22.241000,-85.208661
22.261000,-85.195261
22.281000,-85.195261
22.301000,-85.047871
22.321000,-85.195261
22.341000,-85.195261
22.361000,-85.074669
22.381000,-85.195261
22.401000,-85.168463
22.421000,-85.195261
22.441000,-85.034472
22.461000,-85.168463
22.497000,-85.248858
22.503000,-85.181862
22.526000,-85.449845
22.541000,-85.168463
22.561000,-85.208661
22.581000,-85.061270
22.601000,-85.449845
22.621000,-85.208661
22.641000,-85.208661
22.661000,-85.436445
22.681000,-85.181862
22.701000,-85.222060
22.721000,-85.208661
22.741000,-85.396248
22.761000,-85.208661
22.781000,-85.208661
22.801000,-85.222060
22.821000,-85.208661
22.841000,-85.222060
22.861000,-85.181862
22.881000,-85.061270
22.901000,-85.409647
22.921000,-85.222060
22.941000,-85.195261
22.961000,-85.436445
22.981000,-85.181862
23.001000,-85.222060
23.021000,-85.222060
23.041000,-85.463244
23.061000,-85.195261
23.081000,-85.195261
23.101000,-85.222060
23.121000,-85.181862
23.141000,-85.222060
23.161000,-85.222060
23.181000,-85.436445
23.203000,-85.208661
23.222000,-85.061270
23.242000,-85.222060
23.262000,-85.181862
23.281000,-85.181862
23.301000,-85.088069
23.322000,-85.181862
23.341000,-85.195261
23.361000,-85.034472
23.381000,-85.208661
23.401000,-85.181862
23.421000,-85.208661
23.441000,-85.061270
23.461000,-85.168463
23.482000,-85.235459
23.501000,-85.195261
23.521000,-85.436445
23.541000,-85.168463
23.561000,-85.181862
23.584000,-85.061270
23.603000,-85.449845
23.626000,-85.208661
23.643000,-85.208661
23.661000,-85.449845
23.681000,-85.181862
23.701000,-85.222060
23.721000,-85.208661
23.741000,-85.409647
23.761000,-85.208661
23.781000,-85.181862
23.801000,-85.222060
23.821000,-85.222060
23.841000,-85.181862
23.861000,-85.222060
23.881000,-85.436445
23.901000,-85.262257
23.921000,-85.061270
23.941000,-85.248858
23.961000,-85.181862
23.982000,-85.222060
24.001000,-85.047871
24.021000,-85.181862
24.041000,-85.222060
24.061000,-85.034472
24.081000,-85.208661
24.101000,-85.168463
24.121000,-85.208661
24.141000,-85.061270
24.161000,-85.181862
24.181000,-85.208661
24.201000,-85.181862
24.221000,-85.423046
24.242000,-85.168463
24.261000,-85.181862
24.281000,-85.047871
24.301000,-85.409647
24.322000,-85.208661
24.341000,-85.195261
24.361000,-85.463244
24.381000,-85.195261
24.401000,-85.208661
24.421000,-85.208661
24.442000,-85.436445
24.461000,-85.235459
24.482000,-85.181862
24.501000,-85.248858
24.521000,-85.195261
24.541000,-85.195261
24.561000,-85.222060
24.581000,-85.449845
24.601000,-85.235459
24.621000,-85.061270
24.641000,-85.222060
24.661000,-85.208661
24.681000,-85.195261
24.701000,-85.047871
24.721000,-85.168463
24.747000,-85.195261
24.765000,-85.047871
24.785000,-85.208661
24.801000,-85.195261
24.821000,-85.208661
24.841000,-85.181862
24.861000,-85.181862
24.881000,-85.047871
24.902000,-85.195261
24.921000,-85.235459
24.941000,-85.061270
24.961000,-85.423046
24.981000,-85.181862
25.002000,-85.222060
25.021000,-85.235459
25.041000,-85.195261
25.061000,-85.195261
25.081000,-85.195261
25.101000,-85.423046
25.121000,-85.208661
25.141000,-85.208661
25.162000,-85.222060
25.181000,-85.449845
25.201000,-85.222060
25.221000,-85.047871
25.242000,-85.423046
25.262000,-85.222060
25.282000,-85.208661
25.302000,-85.208661
25.322000,-85.141665
25.342000,-85.195261
25.362000,-85.021073
25.382000,-85.168463
25.402000,-85.208661
25.422000,-85.208661
25.442000,-85.248858
25.462000,-85.195261
25.482000,-85.195261
25.502000,-85.061270
25.522000,-85.436445
25.542000,-85.195261
25.562000,-85.208661
25.582000,-85.034472
25.602000,-85.181862
25.622000,-85.235459
25.641000,-85.061270
25.661000,-85.449845
25.682000,-85.168463
25.701000,-85.195261
25.721000,-85.235459
25.742000,-85.168463
25.762000,-85.208661
25.782000,-85.021073
25.802000,-85.436445
25.822000,-85.195261
25.847000,-85.195261
25.865000,-85.208661
25.886000,-85.449845
25.902000,-85.235459
25.922000,-85.047871
25.942000,-85.423046
25.962000,-85.208661
25.981000,-85.235459
26.002000,-85.235459
26.022000,-85.155064
26.042000,-85.208661
26.062000,-85.047871
26.082000,-85.235459
26.102000,-85.222060
26.122000,-85.181862
26.142000,-85.235459
26.162000,-85.155064
26.182000,-85.208661
26.202000,-85.047871
26.222000,-85.423046
26.242000,-85.195261
26.262000,-85.168463
26.282000,-85.047871
26.302000,-85.168463
26.322000,-85.195261
26.342000,-85.047871
26.362000,-85.449845
26.382000,-85.181862
26.402000,-85.181862
26.422000,-85.195261
26.442000,-85.181862
26.462000,-85.222060
26.482000,-85.195261
26.502000,-85.423046
26.522000,-85.181862
26.542000,-85.195261
26.562000,-85.235459
26.582000,-85.463244
26.602000,-85.208661
26.622000,-85.047871
26.641000,-85.396248
26.662000,-85.168463
26.682000,-85.222060
26.702000,-85.208661
26.722000,-85.195261
26.742000,-85.195261
26.762000,-85.047871
26.782000,-85.222060
26.802000,-85.208661
26.822000,-85.047871
26.842000,-85.235459
26.862000,-85.195261
26.882000,-85.235459
26.902000,-85.088069
26.923000,-85.181862
26.948000,-85.195261
26.962000,-85.021073
26.982000,-85.208661
27.002000,-85.181862
27.022000,-85.195261
27.042000,-85.034472
27.062000,-85.181862
27.082000,-85.222060
27.102000,-85.034472
27.122000,-85.409647
27.142000,-85.208661
27.162000,-85.195261
27.182000,-85.034472
27.202000,-85.155064
27.222000,-85.195261
27.242000,-85.195261
27.262000,-85.449845
27.282000,-85.195261
27.302000,-85.208661
27.322000,-85.208661
27.343000,-85.449845
27.362000,-85.208661
27.382000,-85.195261
27.402000,-85.409647
27.422000,-85.222060
27.442000,-85.222060
27.462000,-85.208661
27.482000,-85.449845
27.502000,-85.208661
27.522000,-85.074669
27.542000,-85.262257
27.562000,-85.222060
27.582000,-85.208661
27.602000,-85.222060
27.622000,-85.168463
27.642000,-85.208661
27.662000,-85.061270
27.682000,-85.208661
27.702000,-85.181862
27.722000,-85.208661
27.742000,-85.021073
27.762000,-85.181862
27.782000,-85.222060
27.802000,-85.021073
27.822000,-85.423046
27.842000,-85.181862
27.862000,-85.195261
27.882000,-85.061270
27.902000,-85.155064
27.922000,-85.181862
27.942000,-85.195261
27.962000,-85.423046
27.982000,-85.195261
28.007000,-85.195261
28.024000,-85.235459
28.043000,-85.423046
28.062000,-85.235459
28.082000,-85.181862
28.102000,-85.409647
28.122000,-85.195261
28.142000,-85.208661
28.162000,-85.208661
28.182000,-85.436445
28.202000,-85.208661
28.222000,-85.047871
28.242000,-85.222060
28.262000,-85.222060
28.282000,-85.208661
28.302000,-85.222060
28.322000,-85.155064
28.342000,-85.208661
28.362000,-85.034472
28.382000,-85.208661
28.402000,-85.195261
28.422000,-85.195261
28.442000,-85.047871
28.462000,-85.195261
28.482000,-85.181862
28.502000,-85.047871
28.522000,-85.423046
28.542000,-85.155064
28.562000,-85.195261
28.582000,-85.061270
28.602000,-85.168463
28.622000,-85.195261
28.642000,-85.208661
28.662000,-85.463244
28.682000,-85.181862
28.702000,-85.195261
28.722000,-85.222060
28.742000,-85.449845
28.762000,-85.208661
28.782000,-85.181862
28.802000,-85.436445
28.822000,-85.181862
28.842000,-85.222060
28.862000,-85.208661
28.882000,-85.436445
28.902000,-85.208661
28.922000,-85.074669
28.942000,-85.222060
28.962000,-85.208661
28.982000,-85.208661
29.002000,-85.208661
29.022000,-85.155064
29.042000,-85.181862
29.062000,-85.007674
29.085000,-85.222060
29.105000,-85.208661
29.124000,-85.195261
29.143000,-85.061270
29.162000,-85.155064
29.182000,-85.235459
29.202000,-85.047871
29.222000,-85.409647
29.242000,-85.195261
29.262000,-85.222060
29.282000,-85.047871
29.302000,-85.168463
29.322000,-85.181862
29.342000,-85.208661
29.362000,-85.436445
29.382000,-85.181862
29.402000,-85.208661
29.422000,-85.222060
29.442000,-85.436445
29.462000,-85.235459
29.482000,-85.181862
29.502000,-85.423046
29.522000,-85.208661
29.542000,-85.168463
29.562000,-85.195261
29.582000,-85.423046
29.602000,-85.222060
29.622000,-85.034472
29.642000,-85.222060
29.662000,-85.222060
29.682000,-85.208661
29.702000,-85.222060
29.722000,-85.195261
29.742000,-85.195261
29.762000,-85.047871
29.782000,-85.235459
29.802000,-85.208661
29.822000,-85.222060
29.842000,-85.047871
29.862000,-85.195261
29.882000,-85.208661
29.902000,-85.061270
29.922000,-85.436445
29.942000,-85.181862
29.962000,-85.195261
29.982000,-85.034472
30.002000,-85.168463
30.022000,-85.195261
30.042000,-85.195261
30.062000,-85.449845
30.082000,-85.168463
30.102000,-85.195261
30.122000,-85.262257
30.142000,-85.436445
30.162000,-85.208661
30.182000,-85.181862
30.204000,-85.409647
30.224000,-85.208661
30.242000,-85.208661
30.262000,-85.181862
30.282000,-85.436445
30.302000,-85.235459
30.322000,-85.034472
30.342000,-85.222060
30.362000,-85.222060
30.382000,-85.181862
30.402000,-85.222060
30.422000,-85.195261
30.442000,-85.208661
30.462000,-85.061270
30.482000,-85.208661
30.502000,-85.181862
30.522000,-85.208661
30.542000,-85.047871
30.562000,-85.168463
30.582000,-85.208661
30.602000,-85.061270
30.622000,-85.423046
30.642000,-85.155064
30.662000,-85.195261
30.682000,-85.047871
30.702000,-85.155064
30.722000,-85.195261
30.742000,-85.168463
30.762000,-85.181862
30.782000,-85.222060
30.802000,-85.195261
30.822000,-85.034472
30.842000,-85.195261
30.862000,-85.235459
30.882000,-85.061270
30.902000,-85.436445
30.922000,-85.208661
30.942000,-85.195261
30.962000,-85.222060
30.982000,-85.168463
31.002000,-85.208661
31.022000,-85.222060
31.042000,-85.436445
31.062000,-85.195261
31.082000,-85.222060
31.102000,-85.222060
31.122000,-85.235459
31.142000,-85.208661
31.162000,-85.047871
31.182000,-85.409647
31.202000,-85.208661
31.222000,-85.021073
31.242000,-85.208661
31.263000,-85.141665
31.283000,-85.195261
31.304000,-85.034472
31.322000,-85.168463
31.342000,-85.208661
31.362000,-85.047871
31.382000,-85.222060
31.402000,-85.155064
31.422000,-85.195261
31.442000,-85.034472
31.462000,-85.423046
31.482000,-85.195261
31.502000,-85.195261
31.522000,-85.463244
31.542000,-85.181862
31.562000,-85.235459
31.582000,-85.061270
31.602000,-85.423046
31.622000,-85.235459
31.642000,-85.195261
31.662000,-85.222060
31.682000,-85.168463
31.702000,-85.208661
31.722000,-85.235459
31.742000,-85.423046
31.762000,-85.195261
31.782000,-85.208661
31.802000,-85.208661
31.822000,-85.195261
31.842000,-85.195261
31.862000,-85.034472
31.882000,-85.449845
31.902000,-85.208661
31.922000,-85.021073
31.942000,-85.208661
31.962000,-85.155064
31.982000,-85.222060
32.002000,-85.047871
32.022000,-85.195261
32.042000,-85.208661
32.062000,-85.195261
32.082000,-85.222060
32.102000,-85.168463
32.122000,-85.208661
32.142000,-85.047871
32.162000,-85.436445
32.182000,-85.181862
32.202000,-85.181862
32.222000,-85.449845
32.242000,-85.195261
32.262000,-85.248858
32.282000,-85.047871
32.302000,-85.436445
32.322000,-85.208661
32.346000,-85.195261
32.373000,-85.222060
32.385000,-85.168463
32.404000,-85.195261
32.422000,-85.195261
32.442000,-85.423046
32.462000,-85.222060
32.482000,-85.195261
32.502000,-85.208661
32.522000,-85.235459
32.542000,-85.222060
32.562000,-85.021073
32.582000,-85.423046
32.602000,-85.235459
32.622000,-85.047871
32.642000,-85.235459
32.662000,-85.168463
32.682000,-85.222060
32.702000,-85.047871
32.722000,-85.235459
32.742000,-85.208661
32.762000,-85.088069
32.782000,-85.235459
32.802000,-85.195261
32.822000,-85.195261
32.842000,-85.208661
32.862000,-85.181862
32.882000,-85.208661
32.902000,-85.047871
32.922000,-85.423046
32.942000,-85.195261
32.962000,-85.208661
32.982000,-85.061270
33.002000,-85.181862
33.022000,-85.195261
33.042000,-85.021073
33.062000,-85.463244
33.082000,-85.155064
33.102000,-85.181862
33.122000,-85.222060
33.142000,-85.155064
33.162000,-85.195261
33.182000,-85.047871
33.202000,-85.436445
33.222000,-85.262257
33.242000,-85.181862
33.262000,-85.222060
33.282000,-85.423046
33.302000,-85.195261
33.322000,-85.047871
33.342000,-85.449845
33.362000,-85.208661
33.382000,-85.195261
33.402000,-85.235459
33.422000,-85.195261
33.442000,-85.235459
33.462000,-85.047871
33.482000,-85.449845
33.502000,-85.195261
33.545000,-85.181862
33.545000,-85.235459
33.562000,-85.181862
33.582000,-85.235459
33.602000,-85.021073
33.622000,-85.409647
33.642000,-85.208661
33.662000,-85.181862
33.682000,-85.047871
33.702000,-85.168463
33.722000,-85.208661
33.742000,-85.061270
33.762000,-85.423046
33.782000,-85.168463
33.802000,-85.222060
33.822000,-85.222060
33.842000,-85.141665
33.862000,-85.248858
33.882000,-85.181862
33.902000,-85.463244
33.922000,-85.195261
33.942000,-85.208661
33.962000,-85.262257
33.982000,-85.423046
34.002000,-85.222060
34.022000,-85.021073
34.042000,-85.436445
34.062000,-85.208661
34.082000,-85.208661
34.102000,-85.248858
34.122000,-85.181862
34.142000,-85.222060
34.162000,-85.061270
34.182000,-85.235459
34.202000,-85.195261
34.222000,-85.034472
34.242000,-85.235459
34.262000,-85.181862
34.282000,-85.195261
34.302000,-85.047871
34.322000,-85.436445
34.342000,-85.168463
34.362000,-85.195261
34.382000,-85.061270
34.402000,-85.195261
34.422000,-85.222060
34.442000,-85.061270
34.462000,-85.449845
34.482000,-85.195261
34.502000,-85.208661
34.522000,-85.222060
34.542000,-85.168463
34.562000,-85.222060
34.582000,-85.195261
34.602000,-85.463244
34.622000,-85.222060
34.648000,-85.208661
34.666000,-85.208661
34.686000,-85.449845
34.702000,-85.208661
34.722000,-85.034472
34.742000,-85.423046
34.762000,-85.181862
34.782000,-85.208661
34.802000,-85.235459
34.822000,-85.155064
34.842000,-85.222060
34.862000,-85.061270
34.882000,-85.222060
34.902000,-85.195261
34.922000,-85.168463
34.942000,-85.195261
34.962000,-85.195261
34.982000,-85.181862
35.002000,-85.047871
35.022000,-85.423046
35.042000,-85.208661
35.062000,-85.208661
35.082000,-85.061270
35.102000,-85.181862
35.122000,-85.208661
35.142000,-85.034472
35.162000,-85.436445
35.182000,-85.181862
35.202000,-85.195261
35.222000,-85.208661
35.242000,-85.168463
35.262000,-85.235459
35.282000,-85.208661
35.302000,-85.436445
35.322000,-85.208661
35.342000,-85.208661
35.362000,-85.195261
35.382000,-85.423046
35.402000,-85.208661
35.422000,-85.007674
35.442000,-85.409647
35.462000,-85.195261
35.482000,-85.168463
35.502000,-85.235459
35.522000,-85.195261
35.542000,-85.208661
35.562000,-85.047871
35.582000,-85.248858
35.602000,-85.208661
35.622000,-85.181862
35.642000,-85.248858
35.662000,-85.155064
35.682000,-85.222060
35.702000,-85.034472
35.722000,-85.463244
35.750000,-85.222060
35.768000,-85.195261
35.789000,-85.061270
35.802000,-85.195261
35.822000,-85.248858
35.842000,-85.047871
35.862000,-85.436445
35.882000,-85.181862
35.902000,-85.181862
35.922000,-85.235459
35.942000,-85.195261
35.962000,-85.208661
35.982000,-85.208661
36.002000,-85.449845
36.022000,-85.208661
36.042000,-85.181862
36.062000,-85.248858
36.082000,-85.409647
36.102000,-85.208661
36.122000,-85.034472
36.142000,-85.436445
36.162000,-85.195261
36.182000,-85.208661
36.202000,-85.208661
36.222000,-85.222060
36.242000,-85.235459
36.262000,-85.074669
36.282000,-85.235459
36.302000,-85.208661
36.322000,-85.195261
36.342000,-85.222060
36.362000,-85.195261
36.382000,-85.195261
36.402000,-85.061270
36.422000,-85.436445
36.442000,-85.195261
36.462000,-85.181862
36.482000,-85.061270
36.502000,-85.195261
36.522000,-85.222060
36.542000,-85.047871
36.562000,-85.436445
36.582000,-85.168463
36.602000,-85.181862
36.622000,-85.222060
36.642000,-85.141665
36.662000,-85.208661
36.682000,-85.222060
36.702000,-85.181862
36.722000,-85.222060
36.742000,-85.222060
36.762000,-85.423046
36.782000,-85.168463
36.802000,-85.155064
36.823000,-85.208661
36.843000,-85.423046
36.867000,-85.208661
36.882000,-85.181862
36.902000,-85.449845
36.922000,-85.222060
36.942000,-85.235459
36.962000,-85.222060
36.982000,-85.449845
37.002000,-85.222060
37.022000,-85.222060
37.042000,-85.222060
37.062000,-85.181862
37.082000,-85.208661
37.102000,-85.222060
37.122000,-85.155064
37.142000,-85.208661
37.162000,-85.061270
37.182000,-85.235459
37.202000,-85.208661
37.222000,-85.208661
37.242000,-85.047871
37.262000,-85.195261
37.282000,-85.181862
37.302000,-85.034472
37.322000,-85.423046
37.342000,-85.181862
37.362000,-85.181862
37.382000,-85.021073
37.402000,-85.195261
37.422000,-85.235459
37.442000,-85.208661
37.462000,-85.449845
37.482000,-85.168463
37.502000,-85.195261
37.522000,-85.208661
37.542000,-85.423046
37.562000,-85.208661
37.582000,-85.195261
37.602000,-85.449845
37.622000,-85.208661
37.642000,-85.208661
37.665000,-85.222060
37.683000,-85.463244
37.702000,-85.222060
37.722000,-85.047871
37.742000,-85.222060
37.762000,-85.208661
37.782000,-85.222060
37.802000,-85.208661
37.822000,-85.155064
37.842000,-85.208661
37.862000,-85.034472
37.882000,-85.222060
37.902000,-85.222060
37.922000,-85.208661
37.942000,-85.034472
37.964000,-85.181862
37.983000,-85.181862
38.003000,-85.047871
38.022000,-85.423046
38.042000,-85.155064
38.062000,-85.195261
38.082000,-85.047871
38.102000,-85.195261
38.122000,-85.222060
38.142000,-85.208661
38.162000,-85.436445
38.182000,-85.195261
38.202000,-85.208661
38.222000,-85.222060
38.242000,-85.436445
38.262000,-85.195261
38.282000,-85.195261
38.302000,-85.409647
38.322000,-85.195261
38.342000,-85.222060
38.362000,-85.222060
38.382000,-85.436445
38.402000,-85.222060
38.422000,-85.034472
38.442000,-85.235459
38.462000,-85.181862
38.482000,-85.208661
38.502000,-85.222060
38.522000,-85.181862
